Datetime (UTC),Country,Zone name,Zone id,Carbon intensity gCO₂eq/kWh (direct),Carbon intensity gCO₂eq/kWh (Life cycle),Carbon-free energy percentage (CFE%),Renewable energy percentage (RE%),Data source
2024-01-01 00:00:00,Belgium,Belgium,BE,64.21,93.76,87.65,46.08,entsoe.eu,,
2024-01-02 00:00:00,Belgium,Belgium,BE,60.08,87.38,88.23,43.80,entsoe.eu,,
2024-01-03 00:00:00,Belgium,Belgium,BE,64.95,94.05,87.24,45.59,entsoe.eu,,
2024-01-04 00:00:00,Belgium,Belgium,BE,92.49,129.22,79.93,33.55,entsoe.eu,,
2024-01-05 00:00:00,Belgium,Belgium,BE,90.93,126.92,81.24,38.68,entsoe.eu,,
2024-01-06 00:00:00,Belgium,Belgium,BE,99.47,138.28,78.48,26.86,entsoe.eu,,
2024-01-07 00:00:00,Belgium,Belgium,BE,81.84,115.88,82.94,34.86,entsoe.eu,,
2024-01-08 00:00:00,Belgium,Belgium,BE,150.98,203.57,65.87,34.87,entsoe.eu,,
2024-01-09 00:00:00,Belgium,Belgium,BE,164.21,221.53,62.21,34.05,entsoe.eu,,
2024-01-10 00:00:00,Belgium,Belgium,BE,207.39,275.24,52.43,22.30,entsoe.eu,,
2024-01-11 00:00:00,Belgium,Belgium,BE,208.34,276.00,52.39,19.52,entsoe.eu,,
2024-01-12 00:00:00,Belgium,Belgium,BE,242.97,317.10,45.66,13.72,entsoe.eu,,
2024-01-13 00:00:00,Belgium,Belgium,BE,203.71,266.40,57.95,24.32,entsoe.eu,,
2024-01-14 00:00:00,Belgium,Belgium,BE,174.29,229.33,64.94,32.20,entsoe.eu,,
2024-01-15 00:00:00,Belgium,Belgium,BE,176.77,233.22,62.62,31.82,entsoe.eu,,
2024-01-16 00:00:00,Belgium,Belgium,BE,206.13,271.64,54.37,22.89,entsoe.eu,,
2024-01-17 00:00:00,Belgium,Belgium,BE,202.80,266.06,55.00,15.90,entsoe.eu,,
2024-01-18 00:00:00,Belgium,Belgium,BE,203.62,268.07,54.66,18.71,entsoe.eu,,
2024-01-19 00:00:00,Belgium,Belgium,BE,197.18,259.04,57.51,28.09,entsoe.eu,,
2024-01-20 00:00:00,Belgium,Belgium,BE,141.10,189.22,70.81,39.14,entsoe.eu,,
2024-01-21 00:00:00,Belgium,Belgium,BE,91.17,126.48,82.41,48.21,entsoe.eu,,
2024-01-22 00:00:00,Belgium,Belgium,BE,89.13,123.56,82.63,47.37,entsoe.eu,,
2024-01-23 00:00:00,Belgium,Belgium,BE,98.87,135.52,80.49,45.09,entsoe.eu,,
2024-01-24 00:00:00,Belgium,Belgium,BE,97.27,134.12,80.69,44.96,entsoe.eu,,
2024-01-25 00:00:00,Belgium,Belgium,BE,139.45,188.60,69.63,26.99,entsoe.eu,,
2024-01-26 00:00:00,Belgium,Belgium,BE,98.92,137.02,80.32,42.15,entsoe.eu,,
2024-01-27 00:00:00,Belgium,Belgium,BE,127.61,172.51,74.16,27.34,entsoe.eu,,
2024-01-28 00:00:00,Belgium,Belgium,BE,95.10,132.52,80.95,34.60,entsoe.eu,,
2024-01-29 00:00:00,Belgium,Belgium,BE,117.60,160.19,75.06,30.51,entsoe.eu,,
2024-01-30 00:00:00,Belgium,Belgium,BE,130.29,175.06,73.00,32.06,entsoe.eu,,
2024-01-31 00:00:00,Belgium,Belgium,BE,118.70,161.49,75.29,32.18,entsoe.eu,,
2024-02-01 00:00:00,Belgium,Belgium,BE,129.46,174.61,74.21,31.98,entsoe.eu,,
2024-02-02 00:00:00,Belgium,Belgium,BE,103.93,142.56,79.09,43.80,entsoe.eu,,
2024-02-03 00:00:00,Belgium,Belgium,BE,104.50,142.61,79.92,46.11,entsoe.eu,,
2024-02-04 00:00:00,Belgium,Belgium,BE,90.99,126.79,82.43,48.40,entsoe.eu,,
2024-02-05 00:00:00,Belgium,Belgium,BE,93.54,129.51,81.88,50.89,entsoe.eu,,
2024-02-06 00:00:00,Belgium,Belgium,BE,71.92,101.41,85.66,48.89,entsoe.eu,,
2024-02-07 00:00:00,Belgium,Belgium,BE,116.36,157.18,74.71,22.80,entsoe.eu,,
2024-02-08 00:00:00,Belgium,Belgium,BE,94.89,130.88,79.34,28.58,entsoe.eu,,
2024-02-09 00:00:00,Belgium,Belgium,BE,82.09,115.28,83.52,40.35,entsoe.eu,,
2024-02-10 00:00:00,Belgium,Belgium,BE,133.38,180.56,72.90,25.00,entsoe.eu,,
2024-02-11 00:00:00,Belgium,Belgium,BE,104.10,143.74,78.64,23.68,entsoe.eu,,
2024-02-12 00:00:00,Belgium,Belgium,BE,141.70,191.74,69.78,25.36,entsoe.eu,,
2024-02-13 00:00:00,Belgium,Belgium,BE,122.03,166.91,74.47,39.77,entsoe.eu,,
2024-02-14 00:00:00,Belgium,Belgium,BE,108.45,149.57,76.65,38.80,entsoe.eu,,
2024-02-15 00:00:00,Belgium,Belgium,BE,102.84,143.50,77.97,34.07,entsoe.eu,,
2024-02-16 00:00:00,Belgium,Belgium,BE,102.18,140.39,79.96,31.65,entsoe.eu,,
2024-02-17 00:00:00,Belgium,Belgium,BE,112.13,155.09,76.96,25.66,entsoe.eu,,
2024-02-18 00:00:00,Belgium,Belgium,BE,90.46,127.71,81.23,37.15,entsoe.eu,,
2024-02-19 00:00:00,Belgium,Belgium,BE,112.54,153.49,77.31,29.32,entsoe.eu,,
2024-02-20 00:00:00,Belgium,Belgium,BE,105.54,145.62,78.72,35.75,entsoe.eu,,
2024-02-21 00:00:00,Belgium,Belgium,BE,82.74,117.04,83.28,40.75,entsoe.eu,,
2024-02-22 00:00:00,Belgium,Belgium,BE,86.55,121.62,82.44,41.20,entsoe.eu,,
2024-02-23 00:00:00,Belgium,Belgium,BE,104.80,143.69,79.69,44.85,entsoe.eu,,
2024-02-24 00:00:00,Belgium,Belgium,BE,111.80,153.75,77.66,35.14,entsoe.eu,,
2024-02-25 00:00:00,Belgium,Belgium,BE,113.65,157.33,76.75,32.63,entsoe.eu,,
2024-02-26 00:00:00,Belgium,Belgium,BE,112.63,154.95,75.74,40.71,entsoe.eu,,
2024-02-27 00:00:00,Belgium,Belgium,BE,160.92,217.56,63.81,25.10,entsoe.eu,,
2024-02-28 00:00:00,Belgium,Belgium,BE,169.00,227.30,62.31,26.87,entsoe.eu,,
2024-02-29 00:00:00,Belgium,Belgium,BE,112.80,154.01,77.29,41.75,entsoe.eu,,
2024-03-01 00:00:00,Belgium,Belgium,BE,107.90,149.37,77.33,39.93,entsoe.eu,,
2024-03-02 00:00:00,Belgium,Belgium,BE,131.42,179.36,73.53,43.98,entsoe.eu,,
2024-03-03 00:00:00,Belgium,Belgium,BE,179.23,237.27,65.25,29.68,entsoe.eu,,
2024-03-04 00:00:00,Belgium,Belgium,BE,200.14,264.70,56.02,24.34,entsoe.eu,,
2024-03-05 00:00:00,Belgium,Belgium,BE,236.12,309.66,48.15,16.74,entsoe.eu,,
2024-03-06 00:00:00,Belgium,Belgium,BE,228.15,304.70,49.56,22.23,entsoe.eu,,
2024-03-07 00:00:00,Belgium,Belgium,BE,135.86,190.07,71.56,38.55,entsoe.eu,,
2024-03-08 00:00:00,Belgium,Belgium,BE,93.92,137.60,81.75,52.51,entsoe.eu,,
2024-03-09 00:00:00,Belgium,Belgium,BE,107.88,154.29,79.35,45.80,entsoe.eu,,
2024-03-10 00:00:00,Belgium,Belgium,BE,142.72,192.36,71.98,37.60,entsoe.eu,,
2024-03-11 00:00:00,Belgium,Belgium,BE,177.48,234.94,62.55,25.35,entsoe.eu,,
2024-03-12 00:00:00,Belgium,Belgium,BE,169.89,227.94,62.59,28.97,entsoe.eu,,
2024-03-13 00:00:00,Belgium,Belgium,BE,133.05,180.78,72.36,40.92,entsoe.eu,,
2024-03-14 00:00:00,Belgium,Belgium,BE,106.18,148.80,78.38,44.09,entsoe.eu,,
2024-03-15 00:00:00,Belgium,Belgium,BE,85.33,121.38,83.17,47.98,entsoe.eu,,
2024-03-16 00:00:00,Belgium,Belgium,BE,104.25,144.23,78.82,30.69,entsoe.eu,,
2024-03-17 00:00:00,Belgium,Belgium,BE,79.22,111.93,83.68,33.63,entsoe.eu,,
2024-03-18 00:00:00,Belgium,Belgium,BE,123.67,169.05,73.87,32.62,entsoe.eu,,
2024-03-19 00:00:00,Belgium,Belgium,BE,134.39,184.62,70.94,33.22,entsoe.eu,,
2024-03-20 00:00:00,Belgium,Belgium,BE,153.71,208.39,66.80,25.44,entsoe.eu,,
2024-03-21 00:00:00,Belgium,Belgium,BE,139.42,188.44,71.24,31.58,entsoe.eu,,
2024-03-22 00:00:00,Belgium,Belgium,BE,109.18,149.97,78.02,34.79,entsoe.eu,,
2024-03-23 00:00:00,Belgium,Belgium,BE,64.41,95.08,87.06,50.72,entsoe.eu,,
2024-03-24 00:00:00,Belgium,Belgium,BE,75.73,110.53,84.53,48.33,entsoe.eu,,
2024-03-25 00:00:00,Belgium,Belgium,BE,135.40,185.04,72.17,35.13,entsoe.eu,,
2024-03-26 00:00:00,Belgium,Belgium,BE,139.42,189.21,71.99,34.76,entsoe.eu,,
2024-03-27 00:00:00,Belgium,Belgium,BE,92.88,131.35,81.36,41.25,entsoe.eu,,
2024-03-28 00:00:00,Belgium,Belgium,BE,73.08,106.62,85.61,52.05,entsoe.eu,,
2024-03-29 00:00:00,Belgium,Belgium,BE,88.72,125.39,82.88,47.06,entsoe.eu,,
2024-03-30 00:00:00,Belgium,Belgium,BE,108.32,150.74,78.09,27.68,entsoe.eu,,
2024-03-31 00:00:00,Belgium,Belgium,BE,86.70,124.25,82.34,34.58,entsoe.eu,,
2024-04-01 00:00:00,Belgium,Belgium,BE,74.45,110.14,84.83,38.37,entsoe.eu,,
2024-04-02 00:00:00,Belgium,Belgium,BE,78.16,112.14,84.61,46.22,entsoe.eu,,
2024-04-03 00:00:00,Belgium,Belgium,BE,82.41,117.70,83.27,46.18,entsoe.eu,,
2024-04-04 00:00:00,Belgium,Belgium,BE,74.13,107.26,85.41,50.08,entsoe.eu,,
2024-04-05 00:00:00,Belgium,Belgium,BE,80.03,115.53,84.16,50.85,entsoe.eu,,
2024-04-06 00:00:00,Belgium,Belgium,BE,61.04,92.44,87.79,57.92,entsoe.eu,,
2024-04-07 00:00:00,Belgium,Belgium,BE,66.99,100.40,86.43,54.57,entsoe.eu,,
2024-04-08 00:00:00,Belgium,Belgium,BE,119.68,166.20,73.63,34.31,entsoe.eu,,
2024-04-09 00:00:00,Belgium,Belgium,BE,86.05,123.89,82.39,55.64,entsoe.eu,,
2024-04-10 00:00:00,Belgium,Belgium,BE,96.58,138.36,80.46,50.85,entsoe.eu,,
2024-04-11 00:00:00,Belgium,Belgium,BE,106.04,148.03,77.84,43.10,entsoe.eu,,
2024-04-12 00:00:00,Belgium,Belgium,BE,87.60,126.22,82.06,50.53,entsoe.eu,,
2024-04-13 00:00:00,Belgium,Belgium,BE,78.83,115.98,84.26,54.85,entsoe.eu,,
2024-04-14 00:00:00,Belgium,Belgium,BE,86.05,123.27,83.43,44.40,entsoe.eu,,
2024-04-15 00:00:00,Belgium,Belgium,BE,77.89,112.07,84.14,52.39,entsoe.eu,,
2024-04-16 00:00:00,Belgium,Belgium,BE,92.33,129.50,80.61,47.99,entsoe.eu,,
2024-04-17 00:00:00,Belgium,Belgium,BE,132.31,181.17,70.86,32.29,entsoe.eu,,
2024-04-18 00:00:00,Belgium,Belgium,BE,127.62,175.62,72.45,37.20,entsoe.eu,,
2024-04-19 00:00:00,Belgium,Belgium,BE,85.63,121.34,82.62,54.22,entsoe.eu,,
2024-04-20 00:00:00,Belgium,Belgium,BE,74.68,108.54,84.95,46.05,entsoe.eu,,
2024-04-21 00:00:00,Belgium,Belgium,BE,65.57,98.90,86.33,43.24,entsoe.eu,,
2024-04-22 00:00:00,Belgium,Belgium,BE,97.47,136.17,79.59,36.23,entsoe.eu,,
2024-04-23 00:00:00,Belgium,Belgium,BE,105.99,150.62,76.21,34.43,entsoe.eu,,
2024-04-24 00:00:00,Belgium,Belgium,BE,104.91,147.90,78.14,41.58,entsoe.eu,,
2024-04-25 00:00:00,Belgium,Belgium,BE,124.95,170.41,73.35,28.79,entsoe.eu,,
2024-04-26 00:00:00,Belgium,Belgium,BE,123.98,169.19,73.81,25.77,entsoe.eu,,
2024-04-27 00:00:00,Belgium,Belgium,BE,63.87,93.98,87.11,34.01,entsoe.eu,,
2024-04-28 00:00:00,Belgium,Belgium,BE,71.10,104.32,85.12,48.63,entsoe.eu,,
2024-04-29 00:00:00,Belgium,Belgium,BE,117.10,161.67,75.72,33.80,entsoe.eu,,
2024-04-30 00:00:00,Belgium,Belgium,BE,100.79,140.75,79.21,30.23,entsoe.eu,,
2024-05-01 00:00:00,Belgium,Belgium,BE,59.79,91.20,87.86,40.17,entsoe.eu,,
2024-05-02 00:00:00,Belgium,Belgium,BE,68.45,99.42,86.42,38.92,entsoe.eu,,
2024-05-03 00:00:00,Belgium,Belgium,BE,55.36,83.07,88.41,42.96,entsoe.eu,,
2024-05-04 00:00:00,Belgium,Belgium,BE,81.71,117.54,82.73,32.19,entsoe.eu,,
2024-05-05 00:00:00,Belgium,Belgium,BE,92.51,133.80,80.50,34.89,entsoe.eu,,
2024-05-06 00:00:00,Belgium,Belgium,BE,121.35,168.51,73.27,26.77,entsoe.eu,,
2024-05-07 00:00:00,Belgium,Belgium,BE,89.06,128.66,81.24,34.26,entsoe.eu,,
2024-05-08 00:00:00,Belgium,Belgium,BE,94.41,134.21,79.88,25.78,entsoe.eu,,
2024-05-09 00:00:00,Belgium,Belgium,BE,70.92,107.14,85.87,33.55,entsoe.eu,,
2024-05-10 00:00:00,Belgium,Belgium,BE,68.49,103.42,86.47,36.03,entsoe.eu,,
2024-05-11 00:00:00,Belgium,Belgium,BE,66.42,102.21,86.60,40.50,entsoe.eu,,
2024-05-12 00:00:00,Belgium,Belgium,BE,53.10,82.32,89.50,41.11,entsoe.eu,,
2024-05-13 00:00:00,Belgium,Belgium,BE,62.17,93.64,87.71,36.41,entsoe.eu,,
2024-05-14 00:00:00,Belgium,Belgium,BE,55.65,85.56,88.99,39.42,entsoe.eu,,
2024-05-15 00:00:00,Belgium,Belgium,BE,81.58,116.41,83.56,27.38,entsoe.eu,,
2024-05-16 00:00:00,Belgium,Belgium,BE,80.41,116.06,83.49,28.25,entsoe.eu; Electricity Maps Estimation,,
2024-05-17 00:00:00,Belgium,Belgium,BE,79.72,115.90,82.97,27.15,entsoe.eu; Electricity Maps Estimation,,
2024-05-18 00:00:00,Belgium,Belgium,BE,72.72,106.77,85.13,26.90,entsoe.eu,,
2024-05-19 00:00:00,Belgium,Belgium,BE,74.33,110.10,84.73,29.66,entsoe.eu,,
2024-05-20 00:00:00,Belgium,Belgium,BE,72.44,107.77,85.15,31.90,entsoe.eu,,
2024-05-21 00:00:00,Belgium,Belgium,BE,93.48,132.93,80.41,26.89,entsoe.eu,,
2024-05-22 00:00:00,Belgium,Belgium,BE,72.69,106.87,85.08,39.47,entsoe.eu,,
2024-05-23 00:00:00,Belgium,Belgium,BE,84.10,122.40,82.42,36.24,entsoe.eu,,
2024-05-24 00:00:00,Belgium,Belgium,BE,103.30,145.41,77.78,22.92,entsoe.eu; Electricity Maps Estimation,,
2024-05-25 00:00:00,Belgium,Belgium,BE,80.40,118.23,83.50,29.84,entsoe.eu,,
2024-05-26 00:00:00,Belgium,Belgium,BE,77.96,115.88,83.86,36.43,entsoe.eu,,
2024-05-27 00:00:00,Belgium,Belgium,BE,87.33,126.10,81.76,36.44,entsoe.eu,,
2024-05-28 00:00:00,Belgium,Belgium,BE,73.80,109.28,84.39,39.57,entsoe.eu; Electricity Maps Estimation,,
2024-05-29 00:00:00,Belgium,Belgium,BE,66.37,98.96,86.42,40.81,entsoe.eu; Electricity Maps Estimation,,
2024-05-30 00:00:00,Belgium,Belgium,BE,74.15,109.34,84.58,33.51,entsoe.eu,,
2024-05-31 00:00:00,Belgium,Belgium,BE,78.51,115.61,83.50,41.24,entsoe.eu,,
2024-06-01 00:00:00,Belgium,Belgium,BE,74.34,108.61,84.64,41.90,entsoe.eu,,
2024-06-02 00:00:00,Belgium,Belgium,BE,62.84,95.74,86.77,37.38,entsoe.eu,,
2024-06-03 00:00:00,Belgium,Belgium,BE,120.51,168.85,73.12,25.91,entsoe.eu,,
2024-06-04 00:00:00,Belgium,Belgium,BE,96.87,139.50,78.44,38.66,entsoe.eu,,
2024-06-05 00:00:00,Belgium,Belgium,BE,101.18,145.16,78.29,35.86,entsoe.eu,,
2024-06-06 00:00:00,Belgium,Belgium,BE,107.41,152.37,76.87,31.77,entsoe.eu,,
2024-06-07 00:00:00,Belgium,Belgium,BE,96.21,139.83,79.30,37.05,entsoe.eu,,
2024-06-08 00:00:00,Belgium,Belgium,BE,67.56,103.21,85.69,37.78,entsoe.eu,,
2024-06-09 00:00:00,Belgium,Belgium,BE,66.87,103.58,86.06,42.46,entsoe.eu,,
2024-06-10 00:00:00,Belgium,Belgium,BE,69.12,102.33,85.14,41.51,entsoe.eu,,
2024-06-11 00:00:00,Belgium,Belgium,BE,88.44,129.06,80.95,36.11,entsoe.eu,,
2024-06-12 00:00:00,Belgium,Belgium,BE,99.52,142.74,78.29,30.75,entsoe.eu,,
2024-06-13 00:00:00,Belgium,Belgium,BE,75.48,112.14,84.15,36.47,entsoe.eu,,
2024-06-14 00:00:00,Belgium,Belgium,BE,71.26,104.80,85.16,38.46,entsoe.eu,,
2024-06-15 00:00:00,Belgium,Belgium,BE,57.35,89.31,88.41,51.37,entsoe.eu,,
2024-06-16 00:00:00,Belgium,Belgium,BE,58.77,91.75,87.96,46.05,entsoe.eu,,
2024-06-17 00:00:00,Belgium,Belgium,BE,70.67,105.10,85.36,34.82,entsoe.eu,,
2024-06-18 00:00:00,Belgium,Belgium,BE,90.52,130.83,80.12,23.94,entsoe.eu,,
2024-06-19 00:00:00,Belgium,Belgium,BE,67.14,103.37,86.06,39.73,entsoe.eu,,
2024-06-20 00:00:00,Belgium,Belgium,BE,101.59,144.54,78.55,29.18,entsoe.eu,,
2024-06-21 00:00:00,Belgium,Belgium,BE,92.42,131.94,80.27,25.60,entsoe.eu,,
2024-06-22 00:00:00,Belgium,Belgium,BE,64.12,98.60,86.87,34.81,entsoe.eu,,
2024-06-23 00:00:00,Belgium,Belgium,BE,58.53,91.72,87.78,34.08,entsoe.eu,,
2024-06-24 00:00:00,Belgium,Belgium,BE,67.76,102.88,85.61,33.01,entsoe.eu,,
2024-06-25 00:00:00,Belgium,Belgium,BE,74.01,111.34,84.22,35.21,entsoe.eu,,
2024-06-26 00:00:00,Belgium,Belgium,BE,88.07,129.26,80.15,31.70,entsoe.eu,,
2024-06-27 00:00:00,Belgium,Belgium,BE,66.13,101.18,85.63,40.48,entsoe.eu,,
2024-06-28 00:00:00,Belgium,Belgium,BE,62.33,97.04,86.62,41.64,entsoe.eu,,
2024-06-29 00:00:00,Belgium,Belgium,BE,61.40,94.58,86.98,33.28,entsoe.eu,,
2024-06-30 00:00:00,Belgium,Belgium,BE,63.81,96.71,86.57,29.55,entsoe.eu,,
2024-07-01 00:00:00,Belgium,Belgium,BE,82.42,120.04,82.20,31.30,entsoe.eu,,
2024-07-02 00:00:00,Belgium,Belgium,BE,74.44,109.52,84.41,30.79,entsoe.eu,,
2024-07-03 00:00:00,Belgium,Belgium,BE,69.48,103.30,85.22,33.34,entsoe.eu,,
2024-07-04 00:00:00,Belgium,Belgium,BE,56.21,88.65,88.49,47.14,entsoe.eu,,
2024-07-05 00:00:00,Belgium,Belgium,BE,65.97,98.67,86.85,42.36,entsoe.eu,,
2024-07-06 00:00:00,Belgium,Belgium,BE,60.69,94.22,87.67,51.66,entsoe.eu,,
2024-07-07 00:00:00,Belgium,Belgium,BE,68.67,104.78,85.94,43.17,entsoe.eu,,
2024-07-08 00:00:00,Belgium,Belgium,BE,93.12,134.76,79.88,29.29,entsoe.eu,,
2024-07-09 00:00:00,Belgium,Belgium,BE,90.00,130.45,81.23,33.83,entsoe.eu,,
2024-07-10 00:00:00,Belgium,Belgium,BE,81.38,119.44,82.98,40.42,entsoe.eu,,
2024-07-11 00:00:00,Belgium,Belgium,BE,87.35,127.07,80.59,34.49,entsoe.eu,,
2024-07-12 00:00:00,Belgium,Belgium,BE,76.30,110.24,84.17,32.17,entsoe.eu,,
2024-07-13 00:00:00,Belgium,Belgium,BE,69.02,103.24,85.89,37.68,entsoe.eu,,
2024-07-14 00:00:00,Belgium,Belgium,BE,72.67,108.64,84.91,36.82,entsoe.eu,,
2024-07-15 00:00:00,Belgium,Belgium,BE,81.95,120.47,82.52,32.11,entsoe.eu,,
2024-07-16 00:00:00,Belgium,Belgium,BE,71.60,104.92,85.41,43.13,entsoe.eu,,
2024-07-17 00:00:00,Belgium,Belgium,BE,72.67,107.77,84.77,33.52,entsoe.eu,,
2024-07-18 00:00:00,Belgium,Belgium,BE,91.11,133.08,79.90,32.67,entsoe.eu,,
2024-07-19 00:00:00,Belgium,Belgium,BE,87.39,127.57,81.25,32.88,entsoe.eu,,
2024-07-20 00:00:00,Belgium,Belgium,BE,64.16,98.44,86.89,33.59,entsoe.eu,,
2024-07-21 00:00:00,Belgium,Belgium,BE,59.53,90.53,87.59,25.67,entsoe.eu,,
2024-07-22 00:00:00,Belgium,Belgium,BE,63.37,96.85,86.96,41.30,entsoe.eu,,
2024-07-23 00:00:00,Belgium,Belgium,BE,70.78,104.91,85.25,33.62,entsoe.eu,,
2024-07-24 00:00:00,Belgium,Belgium,BE,79.48,118.40,83.08,30.84,entsoe.eu,,
2024-07-25 00:00:00,Belgium,Belgium,BE,81.78,119.91,82.41,31.63,entsoe.eu,,
2024-07-26 00:00:00,Belgium,Belgium,BE,79.75,116.01,82.98,32.10,entsoe.eu,,
2024-07-27 00:00:00,Belgium,Belgium,BE,74.62,109.31,83.95,25.12,entsoe.eu,,
2024-07-28 00:00:00,Belgium,Belgium,BE,60.57,94.94,87.34,33.60,entsoe.eu,,
2024-07-29 00:00:00,Belgium,Belgium,BE,76.07,113.05,84.32,36.74,entsoe.eu,,
2024-07-30 00:00:00,Belgium,Belgium,BE,82.38,121.28,82.24,33.42,entsoe.eu,,
2024-07-31 00:00:00,Belgium,Belgium,BE,93.08,134.06,79.70,31.74,entsoe.eu,,
2024-08-01 00:00:00,Belgium,Belgium,BE,93.49,133.97,79.35,23.56,entsoe.eu,,
2024-08-02 00:00:00,Belgium,Belgium,BE,72.47,107.61,84.71,28.92,entsoe.eu,,
2024-08-03 00:00:00,Belgium,Belgium,BE,55.60,86.12,88.39,32.48,entsoe.eu,,
2024-08-04 00:00:00,Belgium,Belgium,BE,57.07,87.88,88.33,26.43,entsoe.eu,,
2024-08-05 00:00:00,Belgium,Belgium,BE,66.59,101.73,85.82,34.75,entsoe.eu,,
2024-08-06 00:00:00,Belgium,Belgium,BE,71.83,108.08,84.71,34.71,entsoe.eu,,
2024-08-07 00:00:00,Belgium,Belgium,BE,75.72,112.55,83.82,32.99,entsoe.eu,,
2024-08-08 00:00:00,Belgium,Belgium,BE,67.94,104.01,85.80,40.29,entsoe.eu,,
2024-08-09 00:00:00,Belgium,Belgium,BE,60.72,93.31,87.57,45.94,entsoe.eu,,
2024-08-10 00:00:00,Belgium,Belgium,BE,63.07,97.96,86.80,39.30,entsoe.eu,,
2024-08-11 00:00:00,Belgium,Belgium,BE,61.69,96.09,87.10,36.34,entsoe.eu,,
2024-08-12 00:00:00,Belgium,Belgium,BE,75.92,114.72,83.71,40.79,entsoe.eu,,
2024-08-13 00:00:00,Belgium,Belgium,BE,85.94,126.14,81.59,33.58,entsoe.eu,,
2024-08-14 00:00:00,Belgium,Belgium,BE,80.80,118.57,82.40,25.78,entsoe.eu,,
2024-08-15 00:00:00,Belgium,Belgium,BE,58.68,91.45,87.75,41.66,entsoe.eu,,
2024-08-16 00:00:00,Belgium,Belgium,BE,80.21,117.66,82.89,28.44,entsoe.eu,,
2024-08-17 00:00:00,Belgium,Belgium,BE,79.96,119.84,82.86,28.74,entsoe.eu,,
2024-08-18 00:00:00,Belgium,Belgium,BE,64.61,98.96,86.49,29.47,entsoe.eu,,
2024-08-19 00:00:00,Belgium,Belgium,BE,75.64,113.62,84.10,34.30,entsoe.eu,,
2024-08-20 00:00:00,Belgium,Belgium,BE,72.76,108.34,84.80,40.62,entsoe.eu,,
2024-08-21 00:00:00,Belgium,Belgium,BE,64.86,98.55,87.00,47.06,entsoe.eu,,
2024-08-22 00:00:00,Belgium,Belgium,BE,61.54,94.20,87.26,48.28,entsoe.eu,,
2024-08-23 00:00:00,Belgium,Belgium,BE,65.08,98.25,86.61,47.40,entsoe.eu,,
2024-08-24 00:00:00,Belgium,Belgium,BE,77.13,115.67,83.85,45.22,entsoe.eu,,
2024-08-25 00:00:00,Belgium,Belgium,BE,71.33,110.07,85.50,51.02,entsoe.eu,,
2024-08-26 00:00:00,Belgium,Belgium,BE,80.87,121.63,82.17,41.29,entsoe.eu,,
2024-08-27 00:00:00,Belgium,Belgium,BE,90.95,134.14,80.58,34.34,entsoe.eu,,
2024-08-28 00:00:00,Belgium,Belgium,BE,101.34,145.97,78.46,33.60,entsoe.eu,,
2024-08-29 00:00:00,Belgium,Belgium,BE,117.95,165.81,73.95,30.96,entsoe.eu,,
2024-08-30 00:00:00,Belgium,Belgium,BE,121.94,169.74,73.96,32.66,entsoe.eu,,
2024-08-31 00:00:00,Belgium,Belgium,BE,78.98,118.61,83.59,49.15,entsoe.eu,,
2024-09-01 00:00:00,Belgium,Belgium,BE,93.80,137.51,80.50,42.18,entsoe.eu,,
2024-09-02 00:00:00,Belgium,Belgium,BE,134.89,188.26,70.51,31.86,entsoe.eu,,
2024-09-03 00:00:00,Belgium,Belgium,BE,159.60,217.75,63.96,23.38,entsoe.eu,,
2024-09-04 00:00:00,Belgium,Belgium,BE,166.38,226.09,62.31,20.44,entsoe.eu,,
2024-09-05 00:00:00,Belgium,Belgium,BE,103.30,145.27,79.07,38.49,entsoe.eu,,
2024-09-06 00:00:00,Belgium,Belgium,BE,105.44,146.63,77.37,25.82,entsoe.eu,,
2024-09-07 00:00:00,Belgium,Belgium,BE,85.61,127.47,81.90,33.44,entsoe.eu,,
2024-09-08 00:00:00,Belgium,Belgium,BE,54.81,91.01,88.52,44.25,entsoe.eu,,
2024-09-09 00:00:00,Belgium,Belgium,BE,87.12,128.68,82.11,39.34,entsoe.eu,,
2024-09-10 00:00:00,Belgium,Belgium,BE,65.57,102.62,86.42,49.73,entsoe.eu,,
2024-09-11 00:00:00,Belgium,Belgium,BE,72.01,111.07,85.21,49.99,entsoe.eu,,
2024-09-12 00:00:00,Belgium,Belgium,BE,96.86,141.33,79.51,37.40,entsoe.eu,,
2024-09-13 00:00:00,Belgium,Belgium,BE,98.78,140.43,79.41,35.15,entsoe.eu,,
2024-09-14 00:00:00,Belgium,Belgium,BE,83.11,122.48,82.33,30.49,entsoe.eu,,
2024-09-15 00:00:00,Belgium,Belgium,BE,76.04,113.56,84.05,32.05,entsoe.eu,,
2024-09-16 00:00:00,Belgium,Belgium,BE,100.57,140.36,79.45,35.60,entsoe.eu,,
2024-09-17 00:00:00,Belgium,Belgium,BE,82.79,119.38,82.90,44.47,entsoe.eu,,
2024-09-18 00:00:00,Belgium,Belgium,BE,86.53,124.26,82.05,41.92,entsoe.eu,,
2024-09-19 00:00:00,Belgium,Belgium,BE,85.03,122.56,82.33,42.22,entsoe.eu,,
2024-09-20 00:00:00,Belgium,Belgium,BE,99.49,141.29,79.33,42.28,entsoe.eu,,
2024-09-21 00:00:00,Belgium,Belgium,BE,94.73,136.42,80.52,34.39,entsoe.eu,,
2024-09-22 00:00:00,Belgium,Belgium,BE,96.37,136.72,80.18,28.60,entsoe.eu,,
2024-09-23 00:00:00,Belgium,Belgium,BE,106.35,148.48,77.71,34.09,entsoe.eu,,
2024-09-24 00:00:00,Belgium,Belgium,BE,98.26,136.89,80.24,32.96,entsoe.eu,,
2024-09-25 00:00:00,Belgium,Belgium,BE,87.98,123.76,82.96,35.74,entsoe.eu,,
2024-09-26 00:00:00,Belgium,Belgium,BE,66.22,98.45,86.72,48.48,entsoe.eu,,
2024-09-27 00:00:00,Belgium,Belgium,BE,72.04,105.75,86.05,54.67,entsoe.eu,,
2024-09-28 00:00:00,Belgium,Belgium,BE,91.28,130.58,82.30,42.36,entsoe.eu,,
2024-09-29 00:00:00,Belgium,Belgium,BE,68.57,103.09,86.07,38.59,entsoe.eu,,
2024-09-30 00:00:00,Belgium,Belgium,BE,64.80,95.55,87.16,50.31,entsoe.eu,,
2024-10-01 00:00:00,Belgium,Belgium,BE,97.75,136.03,79.90,41.52,entsoe.eu,,
2024-10-02 00:00:00,Belgium,Belgium,BE,122.35,167.24,74.99,34.92,entsoe.eu,,
2024-10-03 00:00:00,Belgium,Belgium,BE,99.62,138.81,80.32,37.98,entsoe.eu,,
2024-10-04 00:00:00,Belgium,Belgium,BE,116.18,159.67,76.92,30.61,entsoe.eu,,
2024-10-05 00:00:00,Belgium,Belgium,BE,87.04,126.18,82.25,35.07,entsoe.eu,,
2024-10-06 00:00:00,Belgium,Belgium,BE,74.27,110.65,85.01,43.38,entsoe.eu,,
2024-10-07 00:00:00,Belgium,Belgium,BE,94.09,133.48,81.14,41.57,entsoe.eu,,
2024-10-08 00:00:00,Belgium,Belgium,BE,82.50,118.39,83.57,43.52,entsoe.eu,,
2024-10-09 00:00:00,Belgium,Belgium,BE,85.87,121.15,82.74,37.41,entsoe.eu,,
2024-10-10 00:00:00,Belgium,Belgium,BE,99.30,138.64,80.38,41.05,entsoe.eu,,
2024-10-11 00:00:00,Belgium,Belgium,BE,112.87,157.01,76.68,29.91,entsoe.eu,,
2024-10-12 00:00:00,Belgium,Belgium,BE,78.98,114.30,84.26,37.47,entsoe.eu,,
2024-10-13 00:00:00,Belgium,Belgium,BE,108.05,151.65,78.69,43.20,entsoe.eu,,
2024-10-14 00:00:00,Belgium,Belgium,BE,150.85,202.75,67.46,22.52,entsoe.eu,,
2024-10-15 00:00:00,Belgium,Belgium,BE,109.25,151.78,77.39,34.70,entsoe.eu,,
2024-10-16 00:00:00,Belgium,Belgium,BE,88.96,127.16,81.95,45.18,entsoe.eu,,
2024-10-17 00:00:00,Belgium,Belgium,BE,111.17,152.04,78.05,31.22,entsoe.eu,,
2024-10-18 00:00:00,Belgium,Belgium,BE,125.06,169.82,74.58,22.21,entsoe.eu,,
2024-10-19 00:00:00,Belgium,Belgium,BE,84.48,121.11,83.03,33.08,entsoe.eu,,
2024-10-20 00:00:00,Belgium,Belgium,BE,71.24,106.25,85.55,46.87,entsoe.eu,,
2024-10-21 00:00:00,Belgium,Belgium,BE,118.43,161.74,75.54,31.27,entsoe.eu,,
2024-10-22 00:00:00,Belgium,Belgium,BE,134.55,182.38,72.82,33.66,entsoe.eu,,
2024-10-23 00:00:00,Belgium,Belgium,BE,126.50,172.23,74.10,29.53,entsoe.eu,,
2024-10-24 00:00:00,Belgium,Belgium,BE,106.29,148.24,78.59,35.40,entsoe.eu,,
2024-10-25 00:00:00,Belgium,Belgium,BE,114.43,157.54,76.87,30.36,entsoe.eu,,
2024-10-26 00:00:00,Belgium,Belgium,BE,96.54,134.51,81.71,27.81,entsoe.eu,,
2024-10-27 00:00:00,Belgium,Belgium,BE,86.50,122.43,82.86,25.27,entsoe.eu,,
2024-10-28 00:00:00,Belgium,Belgium,BE,110.59,152.26,77.63,42.51,entsoe.eu,,
2024-10-29 00:00:00,Belgium,Belgium,BE,163.38,219.29,64.55,22.00,entsoe.eu,,
2024-10-30 00:00:00,Belgium,Belgium,BE,181.08,240.52,60.96,16.55,entsoe.eu,,
2024-10-31 00:00:00,Belgium,Belgium,BE,164.14,218.46,66.13,23.67,entsoe.eu,,
2024-11-01 00:00:00,Belgium,Belgium,BE,146.18,194.73,71.95,25.43,entsoe.eu,,
2024-11-02 00:00:00,Belgium,Belgium,BE,149.37,200.83,68.66,20.96,entsoe.eu,,
2024-11-03 00:00:00,Belgium,Belgium,BE,147.86,198.82,69.55,20.58,entsoe.eu,,
2024-11-04 00:00:00,Belgium,Belgium,BE,206.32,274.02,53.81,18.25,entsoe.eu,,
2024-11-05 00:00:00,Belgium,Belgium,BE,224.73,297.27,48.83,14.42,entsoe.eu,,
2024-11-06 00:00:00,Belgium,Belgium,BE,219.66,291.33,49.23,11.07,entsoe.eu,,
2024-11-07 00:00:00,Belgium,Belgium,BE,223.71,297.29,48.19,13.40,entsoe.eu,,
2024-11-08 00:00:00,Belgium,Belgium,BE,262.37,344.03,41.16,13.31,entsoe.eu,,
2024-11-09 00:00:00,Belgium,Belgium,BE,233.28,308.30,47.65,11.48,entsoe.eu,,
2024-11-10 00:00:00,Belgium,Belgium,BE,208.97,278.79,52.67,12.96,entsoe.eu,,
2024-11-11 00:00:00,Belgium,Belgium,BE,166.88,225.83,63.22,36.32,entsoe.eu,,
2024-11-12 00:00:00,Belgium,Belgium,BE,174.07,235.48,60.66,31.65,entsoe.eu,,
2024-11-13 00:00:00,Belgium,Belgium,BE,226.31,302.31,48.75,17.66,entsoe.eu,,
2024-11-14 00:00:00,Belgium,Belgium,BE,244.75,321.67,46.66,18.41,entsoe.eu,,
2024-11-15 00:00:00,Belgium,Belgium,BE,227.07,298.86,50.18,16.07,entsoe.eu,,
2024-11-16 00:00:00,Belgium,Belgium,BE,159.76,211.14,69.72,39.90,entsoe.eu,,
2024-11-17 00:00:00,Belgium,Belgium,BE,129.02,174.58,75.49,48.14,entsoe.eu,,
2024-11-18 00:00:00,Belgium,Belgium,BE,180.91,240.80,61.34,25.33,entsoe.eu,,
2024-11-19 00:00:00,Belgium,Belgium,BE,153.50,205.44,66.66,32.50,entsoe.eu,,
2024-11-20 00:00:00,Belgium,Belgium,BE,142.52,192.15,70.16,45.10,entsoe.eu,,
2024-11-21 00:00:00,Belgium,Belgium,BE,206.57,272.66,54.77,28.45,entsoe.eu,,
2024-11-22 00:00:00,Belgium,Belgium,BE,141.97,190.33,71.38,46.30,entsoe.eu,,
2024-11-23 00:00:00,Belgium,Belgium,BE,94.18,132.29,81.39,47.20,entsoe.eu,,
2024-11-24 00:00:00,Belgium,Belgium,BE,76.46,111.55,85.15,55.79,entsoe.eu,,
2024-11-25 00:00:00,Belgium,Belgium,BE,101.87,141.98,79.47,46.52,entsoe.eu,,
2024-11-26 00:00:00,Belgium,Belgium,BE,164.16,220.41,64.93,33.77,entsoe.eu,,
2024-11-27 00:00:00,Belgium,Belgium,BE,114.51,157.36,76.11,44.47,entsoe.eu,,
2024-11-28 00:00:00,Belgium,Belgium,BE,186.42,248.38,60.34,29.74,entsoe.eu,,
2024-11-29 00:00:00,Belgium,Belgium,BE,172.20,232.75,61.83,31.14,entsoe.eu,,
2024-11-30 00:00:00,Belgium,Belgium,BE,174.64,231.08,65.85,34.79,entsoe.eu,,
2024-12-01 00:00:00,Belgium,Belgium,BE,123.67,168.90,75.77,44.27,entsoe.eu,,
2024-12-02 00:00:00,Belgium,Belgium,BE,144.06,194.06,69.31,39.90,entsoe.eu,,
2024-12-03 00:00:00,Belgium,Belgium,BE,222.38,292.39,51.14,23.14,entsoe.eu,,
2024-12-04 00:00:00,Belgium,Belgium,BE,215.61,286.15,50.47,18.91,entsoe.eu,,
2024-12-05 00:00:00,Belgium,Belgium,BE,108.84,149.95,78.58,51.28,entsoe.eu,,
2024-12-06 00:00:00,Belgium,Belgium,BE,117.77,161.95,75.97,45.29,entsoe.eu,,
2024-12-07 00:00:00,Belgium,Belgium,BE,66.75,99.93,86.27,53.18,entsoe.eu,,
2024-12-08 00:00:00,Belgium,Belgium,BE,76.49,111.08,84.72,49.86,entsoe.eu,,
2024-12-09 00:00:00,Belgium,Belgium,BE,123.61,167.59,75.12,46.49,entsoe.eu,,
2024-12-10 00:00:00,Belgium,Belgium,BE,169.10,226.82,61.95,32.09,entsoe.eu,,
2024-12-11 00:00:00,Belgium,Belgium,BE,203.56,270.77,52.80,14.81,entsoe.eu,,
2024-12-12 00:00:00,Belgium,Belgium,BE,226.06,299.43,47.35,9.90,entsoe.eu,,
2024-12-13 00:00:00,Belgium,Belgium,BE,230.93,304.20,47.17,10.78,entsoe.eu,,
2024-12-14 00:00:00,Belgium,Belgium,BE,172.73,229.27,64.08,28.89,entsoe.eu,,
2024-12-15 00:00:00,Belgium,Belgium,BE,89.36,125.53,82.60,46.28,entsoe.eu,,
2024-12-16 00:00:00,Belgium,Belgium,BE,129.02,173.74,73.80,42.57,entsoe.eu,,
2024-12-17 00:00:00,Belgium,Belgium,BE,152.06,202.64,68.57,31.66,entsoe.eu,,
2024-12-18 00:00:00,Belgium,Belgium,BE,77.12,110.30,84.82,48.53,entsoe.eu,,
2024-12-19 00:00:00,Belgium,Belgium,BE,82.91,117.09,83.85,47.22,entsoe.eu,,
2024-12-20 00:00:00,Belgium,Belgium,BE,111.93,153.82,77.79,44.15,entsoe.eu,,
2024-12-21 00:00:00,Belgium,Belgium,BE,78.97,114.22,84.24,46.24,entsoe.eu,,
2024-12-22 00:00:00,Belgium,Belgium,BE,73.05,106.01,85.47,46.00,entsoe.eu,,
2024-12-23 00:00:00,Belgium,Belgium,BE,106.55,146.20,79.44,42.77,entsoe.eu,,
2024-12-24 00:00:00,Belgium,Belgium,BE,140.93,187.74,72.93,25.62,entsoe.eu,,
2024-12-25 00:00:00,Belgium,Belgium,BE,116.36,158.34,77.24,17.65,entsoe.eu,,
2024-12-26 00:00:00,Belgium,Belgium,BE,154.39,202.50,70.38,15.12,entsoe.eu,,
2024-12-27 00:00:00,Belgium,Belgium,BE,170.01,226.79,62.76,12.40,entsoe.eu,,
2024-12-28 00:00:00,Belgium,Belgium,BE,178.86,239.10,61.11,16.27,entsoe.eu,,
2024-12-29 00:00:00,Belgium,Belgium,BE,163.68,216.00,68.92,26.09,entsoe.eu,,
2024-12-30 00:00:00,Belgium,Belgium,BE,126.32,168.37,76.45,42.01,entsoe.eu,,
2024-12-31 00:00:00,Belgium,Belgium,BE,98.97,136.49,81.07,46.47,entsoe.eu,,
